name,area,built,renovated,longitude,latitude,image
Energy Plant,39655,1931,2005,-76.93560621,38.985842999999996,https://terpfootprints.umd.edu/images/buildings/energy_plant_001.png
Service Building,84030.42,1940,1970,-76.93583014,38.98604212,https://terpfootprints.umd.edu/images/buildings/service_building_003.png
Ritchie Coliseum,59791,1932,1996,-76.93644748,38.98503531,https://terpfootprints.umd.edu/images/buildings/ritchie_coliseum_004.png
Building 006,17716.77,1957,1970,-76.93451746,38.98580036,https://terpfootprints.umd.edu/images/buildings/building_006_006.png
Pocomoke Building,30045.91,1946,2013,-76.93711488,38.98295583,https://terpfootprints.umd.edu/images/buildings/pocomoke_building_007.png
Annapolis Hall,22854.6,1988,1970,-76.94006097,38.98224713,https://terpfootprints.umd.edu/images/buildings/annapolis_hall_008.png
Memorial Chapel,26271.59,1953,1970,-76.94087798,38.98415119,https://terpfootprints.umd.edu/images/buildings/memorial_chapel_009.png
Patuxent Building,24568.2,1990,1970,-76.94347676,38.98863683,https://terpfootprints.umd.edu/images/buildings/patuxent_building_010.png
Building 011,9081.07,1968,1970,-76.93360751,38.9861832,https://terpfootprints.umd.edu/images/buildings/building_011_011.png
Harford Hall,24549,1944,1982,-76.94088316,38.98251279,https://terpfootprints.umd.edu/images/buildings/harford_hall_014.png
Calvert Hall,35764,1913,1984,-76.94230112,38.98292319,https://terpfootprints.umd.edu/images/buildings/calvert_hall_015.png
Baltimore Hall,21185,1920,1986,-76.9421946,38.98224258,https://terpfootprints.umd.edu/images/buildings/baltimore_hall_016.png
Cecil Hall,20096,1959,1970,-76.94165468,38.98293746,https://terpfootprints.umd.edu/images/buildings/cecil_hall_017.png
Motorcycle Storage Building,416,1982,1970,-76.93620655,38.98570625,https://terpfootprints.umd.edu/images/buildings/motorcycle_storage_building_020.png
Prince Georges Hall,16099.39,1944,1984,-76.94181151,38.98260243,https://terpfootprints.umd.edu/images/buildings/prince_georges_hall_021.png
Kent Hall,17879.14,1944,1984,-76.94183178,38.98326722,https://terpfootprints.umd.edu/images/buildings/kent_hall_022.png
Washington Hall,23792,1940,1986,-76.94134946,38.98182775,https://terpfootprints.umd.edu/images/buildings/washington_hall_023.png
Allegany Hall,40300,1955,1986,-76.9414271,38.98156786,https://terpfootprints.umd.edu/images/buildings/allegany_hall_024.png
Charles Hall,19378,1955,1989,-76.94056019,38.98159724,https://terpfootprints.umd.edu/images/buildings/charles_hall_025.png
South Campus Dining Hall,133845,1974,1989,-76.94368859,38.98305308,https://terpfootprints.umd.edu/images/buildings/south_campus_dining_hall_026.png
Howard Hall,7300,1940,1986,-76.94197232,38.9819496,https://terpfootprints.umd.edu/images/buildings/howard_hall_028.png
Frederick Hall,16576,1948,1986,-76.94073788,38.98204309,https://terpfootprints.umd.edu/images/buildings/frederick_hall_029.png
Talbot Hall,9822,1948,1984,-76.94226416,38.98335959,https://terpfootprints.umd.edu/images/buildings/talbot_hall_030.png
Garrett Hall,17579,1948,1984,-76.94268706,38.98325535,https://terpfootprints.umd.edu/images/buildings/garrett_hall_031.png
Montgomery Hall,59825,1955,1989,-76.93932399,38.98201054,https://terpfootprints.umd.edu/images/buildings/montgomery_hall_032.png
Jimenez Hall,65321.41,1962,1970,-76.94457654,38.9868108,https://terpfootprints.umd.edu/images/buildings/jimenez_hall_034.png
Mckeldin Library,365865.12,1958,1990,-76.94510851,38.98596243,https://terpfootprints.umd.edu/images/buildings/mckeldin_library_035.png
Plant Sciences Building,178661.36,1996,1970,-76.94134651,38.98876823,https://terpfootprints.umd.edu/images/buildings/plant_sciences_building_036.png
Shoemaker Building,25521.38,1932,2010,-76.94275271,38.98393825,https://terpfootprints.umd.edu/images/buildings/shoemaker_building_037.png
Lefrak Hall,118952.58,1928,1978,-76.94370074,38.98368965,https://terpfootprints.umd.edu/images/buildings/lefrak_hall_038.png
Van Munching Hall,290787.36,1992,2011,-76.94726353,38.98307695,https://terpfootprints.umd.edu/images/buildings/van_munching_hall_039.png
Morrill Hall,16276.99,1898,1994,-76.94419656,38.98431213,https://terpfootprints.umd.edu/images/buildings/morrill_hall_040.png
Tydings Hall,101945.18,1961,1970,-76.94403257,38.98483804,https://terpfootprints.umd.edu/images/buildings/tydings_hall_042.png
Taliaferro Hall,47870.08,1909,2003,-76.94316195,38.98482168,https://terpfootprints.umd.edu/images/buildings/taliaferro_hall_043.png
Skinner Building,67192.35,1917,1992,-76.94185255,38.98485808,https://terpfootprints.umd.edu/images/buildings/skinner_building_044.png
Instructional Television Facility,3082,1979,1970,-76.93832977,38.98956796,https://terpfootprints.umd.edu/images/buildings/instructional_television_facility_045.png
Marie Mount Hall,113267.76,1940,1980,-76.94079834,38.98498498,https://terpfootprints.umd.edu/images/buildings/marie_mount_hall_046.png
Woods Hall,24469.98,1948,1970,-76.94185996,38.98515257,https://terpfootprints.umd.edu/images/buildings/woods_hall_047.png
Francis Scott Key Hall,52547.51,1932,2003,-76.94307811,38.98508553,https://terpfootprints.umd.edu/images/buildings/francis_scott_key_hall_048.png
Worcester Hall,33541,1959,1970,-76.94499237,38.9846399,https://terpfootprints.umd.edu/images/buildings/worcester_hall_051.png
"Clarence M. Mitchell, Jr. Building",45212.17,1958,1970,-76.9395328,38.98669587,https://terpfootprints.umd.edu/images/buildings/clarence_m_mitchell_jr_building_052.png
Preinkert Hall,28236.54,1932,1952,-76.94621963,38.98446084,https://terpfootprints.umd.edu/images/buildings/preinkert_hall_054.png
Hvac & Pm Storage Building,527,1988,1970,-76.94374307,38.98830244,https://terpfootprints.umd.edu/images/buildings/hvac_pm_storage_building_056.png
Animal Care Storage Facility,864,1988,1970,-76.93829981,38.99190907,https://terpfootprints.umd.edu/images/buildings/animal_care_storage_facility_057.png
Chincoteague Hall,22563.13,1957,2011,-76.9445483,38.98522666,https://terpfootprints.umd.edu/images/buildings/chincoteague_hall_059.png
Anne Arundel Hall,36651.47,1937,1992,-76.94673578,38.98594664,https://terpfootprints.umd.edu/images/buildings/anne_arundel_hall_060.png
Queen Annes Hall,36263.33,1949,2005,-76.94615003,38.98524063,https://terpfootprints.umd.edu/images/buildings/queen_annes_hall_061.png
St. Marys Hall,28770,1932,1989,-76.94559438,38.98697235,https://terpfootprints.umd.edu/images/buildings/st_marys_hall_062.png
Somerset Hall,31196,1949,1999,-76.94557172,38.98502381,https://terpfootprints.umd.edu/images/buildings/somerset_hall_063.png
Dorchester Hall,35436,1959,1992,-76.94616306,38.98674231,https://terpfootprints.umd.edu/images/buildings/dorchester_hall_064.png
Carroll Hall,26470.17,1955,1970,-76.94560873,38.98398767,https://terpfootprints.umd.edu/images/buildings/carroll_hall_065.png
Eppley Recreation Center,233420.91,1998,1970,-76.94528695,38.99360849,https://terpfootprints.umd.edu/images/buildings/eppley_recreation_center_068.png
Wicomico Hall,27684.01,1955,1970,-76.94582188,38.983733720000004,https://terpfootprints.umd.edu/images/buildings/wicomico_hall_069.png
Caroline Hall,26959.07,1955,1970,-76.94583209,38.98348149,https://terpfootprints.umd.edu/images/buildings/caroline_hall_070.png
Lee Building,42185.3,1969,1970,-76.93949488,38.98535895,https://terpfootprints.umd.edu/images/buildings/lee_building_071.png
H.j. Patterson Hall,118110.77,1937,2017,-76.94351541,38.98697234,https://terpfootprints.umd.edu/images/buildings/h_j_patterson_hall_073.png
Symons Hall,78248.05,1940,2000,-76.94076836,38.98707978,https://terpfootprints.umd.edu/images/buildings/symons_hall_076.png
Main Administration Building,41298.72,1940,1964,-76.93979445,38.9860158,https://terpfootprints.umd.edu/images/buildings/main_administration_building_077.png
Reckord Armory,78615,1944,1970,-76.93894174,38.98602904,https://terpfootprints.umd.edu/images/buildings/reckord_armory_078.png
Turner Hall,25666.27,1923,1964,-76.93731954,38.98614661,https://terpfootprints.umd.edu/images/buildings/turner_hall_079.png
Rossborough Inn,11558.37,1798,1970,-76.93768516,38.98530312,https://terpfootprints.umd.edu/images/buildings/rossborough_inn_080.png
Wind Tunnel Building,31566.58,1950,1970,-76.9368613,38.98988165,https://terpfootprints.umd.edu/images/buildings/wind_tunnel_building_081.png
John S. Toll Physics Building,230557.8,1953,1968,-76.94008,38.98867731,https://terpfootprints.umd.edu/images/buildings/john_s_toll_physics_building_082.png
J.m. Patterson Building,79247.9,1954,1976,-76.9402451,38.99050999,https://terpfootprints.umd.edu/images/buildings/j_m_patterson_building_083.png
William E. Kirwan Hall,138852.05,1954,1982,-76.93920387,38.98863065,https://terpfootprints.umd.edu/images/buildings/william_e_kirwan_hall_084.png
Institute For Physical Science & Tech,28534.29,1955,1970,-76.94098774,38.99092385,https://terpfootprints.umd.edu/images/buildings/institute_for_physical_science_tech_085.png
Central Animal Resources Facility,7162.84,1983,1970,-76.93837727,38.99169655,https://terpfootprints.umd.edu/images/buildings/central_animal_resources_facility_087.png
Martin Hall,158843.45,1950,1985,-76.93798776,38.98889806,https://terpfootprints.umd.edu/images/buildings/martin_hall_088.png
Engineering Laboratory Building,85042.54,1950,1970,-76.93796759,38.98929867,https://terpfootprints.umd.edu/images/buildings/engineering_laboratory_building_089.png
Chemical & Nuclear Engineering Building,84877.19,1950,1970,-76.93921644,38.99058501,https://terpfootprints.umd.edu/images/buildings/chemical_nuclear_engineering_building_090.png
Chemistry Building,398391.59,1952,2002,-76.93965888,38.98959398,https://terpfootprints.umd.edu/images/buildings/chemistry_building_091.png
Engineering Annex,10888.46,1957,1969,-76.93694324,38.99071133,https://terpfootprints.umd.edu/images/buildings/engineering_annex_093.png
Cambridge Hall,55792,1962,2016,-76.94303926,38.9917163,https://terpfootprints.umd.edu/images/buildings/cambridge_hall_096.png
Cambridge Community Center,40153.97,1962,1963,-76.94304089,38.9922039,https://terpfootprints.umd.edu/images/buildings/cambridge_community_center_097.png
Centreville Hall,128198,1962,1970,-76.94211076,38.99225105,https://terpfootprints.umd.edu/images/buildings/centreville_hall_098.png
Bel Air Hall,29090,1962,1970,-76.94262314,38.99280739,https://terpfootprints.umd.edu/images/buildings/bel_air_hall_099.png
Agriculture Shed,2321.76,1938,1970,-76.94074554,38.99198557,https://terpfootprints.umd.edu/images/buildings/agriculture_shed_102.png
Animal Science Service Building,1396.83,1940,1970,-76.94109343,38.99200338,https://terpfootprints.umd.edu/images/buildings/animal_science_service_building_103.png
Horse Barn,6918.54,1938,1970,-76.94080848,38.99168234,https://terpfootprints.umd.edu/images/buildings/horse_barn_108.png
Sheep Barn,6151.96,1938,1970,-76.94146703,38.99167619,https://terpfootprints.umd.edu/images/buildings/sheep_barn_109.png
Cattle Barn,8064.35,1938,1970,-76.94045945,38.99239946,https://terpfootprints.umd.edu/images/buildings/cattle_barn_110.png
Physics Welding Shop,974.93,1970,1970,-76.93986153,38.98914088,https://terpfootprints.umd.edu/images/buildings/physics_welding_shop_111.png
A.v. Williams Building,236043.76,1988,1992,-76.9365261,38.99077389,https://terpfootprints.umd.edu/images/buildings/a_v_williams_building_115.png
Residential Facilities Building 116,1419.47,1987,1970,-76.93270882,38.98344604,https://terpfootprints.umd.edu/images/buildings/residential_facilities_building_116_116.png
Poultry Barn,1026.24,1949,1970,-76.94089889,38.99229501,https://terpfootprints.umd.edu/images/buildings/poultry_barn_119.png
Chestertown Hall,29090,1962,1970,-76.94345911,38.99280774,https://terpfootprints.umd.edu/images/buildings/chestertown_hall_121.png
Cumberland Hall,124486,1963,1970,-76.94397454,38.99225327,https://terpfootprints.umd.edu/images/buildings/cumberland_hall_122.png
Grounds Material & Equipment Building,7371.65,1988,1970,-76.94333984,38.995636,https://terpfootprints.umd.edu/images/buildings/grounds_material_equipment_building_124.png
House 1,10594,1958,1992,-76.93667951,38.98467832,https://terpfootprints.umd.edu/images/buildings/house_1_126.png
House 2,9144,1958,1992,-76.93619403,38.98462653,https://terpfootprints.umd.edu/images/buildings/house_2_127.png
House 3,9464,1954,1991,-76.93562792,38.98462511,https://terpfootprints.umd.edu/images/buildings/house_3_128.png
House 4,9464,1954,1991,-76.93514117,38.9846241,https://terpfootprints.umd.edu/images/buildings/house_4_129.png
House 5,9464,1954,1990,-76.93463331,38.98458514,https://terpfootprints.umd.edu/images/buildings/house_5_130.png
House 6,9464,1954,1990,-76.93418659,38.98431152,https://terpfootprints.umd.edu/images/buildings/house_6_131.png
House 7,9464,1954,1990,-76.93404755,38.98394035,https://terpfootprints.umd.edu/images/buildings/house_7_132.png
House 8,9464,1954,1998,-76.93418928,38.98356889,https://terpfootprints.umd.edu/images/buildings/house_8_133.png
House 9,9464,1954,1997,-76.93463834,38.9832972,https://terpfootprints.umd.edu/images/buildings/house_9_134.png
House 10,9464,1954,1997,-76.93514751,38.98326111,https://terpfootprints.umd.edu/images/buildings/house_10_135.png
House 11,9464,1954,1995,-76.93563225,38.98326193,https://terpfootprints.umd.edu/images/buildings/house_11_136.png
House 12,9464,1954,1995,-76.93619935,38.98326374,https://terpfootprints.umd.edu/images/buildings/house_12_137.png
House 13,10624,1962,1993,-76.93669776,38.98326267,https://terpfootprints.umd.edu/images/buildings/house_13_138.png
House 14,10690,1963,1993,-76.93719881,38.98321404,https://terpfootprints.umd.edu/images/buildings/house_14_139.png
Health Center,55852.33,1964,2004,-76.94466193,38.98719487,https://terpfootprints.umd.edu/images/buildings/health_center_140.png
Tawes Hall,164610.4,1965,2016,-76.94815327,38.98594742,https://terpfootprints.umd.edu/images/buildings/tawes_hall_141.png
Animal Sciences/agric. Engrg Bldg,195449.77,1970,1994,-76.93947754,38.9916418,https://terpfootprints.umd.edu/images/buildings/animal_sciences_agric_engrg_bldg_142.png
Benjamin Building,112224.83,1966,1968,-76.94738051,38.98669349,https://terpfootprints.umd.edu/images/buildings/benjamin_building_143.png
Biology-psychology Building,242067.07,1971,1970,-76.94260223,38.9888426,https://terpfootprints.umd.edu/images/buildings/biology_psychology_building_144.png
Architecture Building,70150.35,1972,1970,-76.94763369,38.98431406,https://terpfootprints.umd.edu/images/buildings/architecture_building_145.png
Parren J. Mitchell Art-sociology Building,159309.35,1976,1970,-76.94764622,38.98521433,https://terpfootprints.umd.edu/images/buildings/parren_j_mitchell_art_sociology_building_146.png
Hornbake Library,279985.81,1972,1970,-76.94157514,38.98816441,https://terpfootprints.umd.edu/images/buildings/hornbake_library_147.png
Manufacturing Building,22149.65,1992,1970,-76.93942525,38.99286373,https://terpfootprints.umd.edu/images/buildings/manufacturing_building_148.png
Arboretum Outreach Center,2512,1952,1970,-76.94873158,38.99192972,https://terpfootprints.umd.edu/images/buildings/arboretum_outreach_center_156.png
Varsity Sports Teamhouse,22857.04,1974,1978,-76.94518737,38.99005653,https://terpfootprints.umd.edu/images/buildings/varsity_sports_teamhouse_158.png
Bob 'turtle' Smith Stadium At Shipley Field,2640.26,1954,1970,-76.94456292,38.98884701,https://terpfootprints.umd.edu/images/buildings/bob_turtle_smith_stadium_at_shipley_field_159.png
Cole Student Activities Building,206645.47,1956,1971,-76.94666871,38.98800195,https://terpfootprints.umd.edu/images/buildings/cole_student_activities_building_162.png
Stamp Student Union,290173,1955,2002,-76.94473508,38.9881255,https://terpfootprints.umd.edu/images/buildings/stamp_student_union_163.png
University House,15133.47,2012,1970,-76.95277175,38.98903508,https://terpfootprints.umd.edu/images/buildings/university_house_164.png
Golf Course Driv. Range Cont. Bldg.,1131.11,1966,1970,-76.95501064,38.99079006,https://terpfootprints.umd.edu/images/buildings/golf_course_driv_range_cont_bldg_165.png
Golf Course Club House,25771.53,1999,1970,-76.95470394,38.99113487,https://terpfootprints.umd.edu/images/buildings/golf_course_club_house_166.png
Golf Course Maintenance Office,864,1967,1970,-76.95307899,38.99769058,https://terpfootprints.umd.edu/images/buildings/golf_course_maintenance_office_167.png
Boat House,553.75,1964,1970,-76.95436808,38.99433391,https://terpfootprints.umd.edu/images/buildings/boat_house_169.png
House 170,10459,1959,2009,-76.93518042,38.981265,https://terpfootprints.umd.edu/images/buildings/house_170_170.png
House 171,10445,1960,2012,-76.93562028,38.98136041,https://terpfootprints.umd.edu/images/buildings/house_171_171.png
House 172,11712,1960,2009,-76.9360621,38.98142111,https://terpfootprints.umd.edu/images/buildings/house_172_172.png
House 173,10273,1964,2010,-76.93631546,38.98076642,https://terpfootprints.umd.edu/images/buildings/house_173_173.png
House 174,10372,1963,2010,-76.93588154,38.98065947,https://terpfootprints.umd.edu/images/buildings/house_174_174.png
House 175,11662,1963,2009,-76.93543794,38.98058969,https://terpfootprints.umd.edu/images/buildings/house_175_175.png
House 176,11833,1964,2012,-76.93524849,38.98090079,https://terpfootprints.umd.edu/images/buildings/house_176_176.png
Union Lane Parking Garage,113509.16,1971,1970,-76.94578615,38.98855585,https://terpfootprints.umd.edu/images/buildings/union_lane_parking_garage_179.png
Mfri Drill Tower,4386.4,1989,1970,-76.92990035,38.98356068,https://terpfootprints.umd.edu/images/buildings/mfri_drill_tower_195.png
Mfri Structural Firefighting Building,5701.29,1989,1970,-76.92828698,38.98363384,https://terpfootprints.umd.edu/images/buildings/mfri_structural_firefighting_building_196.png
Mfri Fire Extinguisher Training Fac.,1569.17,1990,1970,-76.92778272,38.98405149,https://terpfootprints.umd.edu/images/buildings/mfri_fire_extinguisher_training_fac_197.png
Mfri Breath Apparatus Training Bldg,5018,2008,1970,-76.92878195,38.98402337,https://terpfootprints.umd.edu/images/buildings/mfri_breath_apparatus_training_bldg_198.png
Mfri Office/classroom Building,45792.99,1955,2002,-76.92886068,38.98332918,https://terpfootprints.umd.edu/images/buildings/mfri_office_classroom_building_199.png
Leonardtown Office Building,12748,1961,1970,-76.93247179,38.98372481,https://terpfootprints.umd.edu/images/buildings/leonardtown_office_building_201.png
Regents Drive Parking Garage,533481.04,1988,1970,-76.94148049,38.98966674,https://terpfootprints.umd.edu/images/buildings/regents_drive_parking_garage_202.png
Residential Facilities Building 204,868.8,1985,1970,-76.93293568,38.9837852,https://terpfootprints.umd.edu/images/buildings/residential_facilities_building_204_204.png
Residential Facilities Building 207,733.3,1969,1970,-76.93284186,38.98367236,https://terpfootprints.umd.edu/images/buildings/residential_facilities_building_207_207.png
Plant Operations & Maint. Storage Bldg.2,504,1968,1970,-76.95367084,38.99745408,https://terpfootprints.umd.edu/images/buildings/plant_operations_maint_storage_bldg_2_213.png
Plant Operations & Maint. Storage Bldg.1,504,1968,1970,-76.95373704,38.99740241,https://terpfootprints.umd.edu/images/buildings/plant_operations_maint_storage_bldg_1_214.png
Stadium Drive Parking Garage,280413.39,1997,1970,-76.94868011,38.99109562,https://terpfootprints.umd.edu/images/buildings/stadium_drive_parking_garage_218.png
Astronomy Lecture Building,2012,1979,1970,-76.95563666,39.00202142,https://terpfootprints.umd.edu/images/buildings/astronomy_lecture_building_219.png
Astronomy Trailer,588,2000,1970,-76.95601586,39.00183727,https://terpfootprints.umd.edu/images/buildings/astronomy_trailer_220.png
Astronomical Observatory,1643.33,1964,1970,-76.95609183,39.00196481,https://terpfootprints.umd.edu/images/buildings/astronomical_observatory_221.png
Energy Research Facility,61159.9,1965,1970,-76.93681627,38.99194439,https://terpfootprints.umd.edu/images/buildings/energy_research_facility_223.png
Atlantic Building,240189.19,1963,1996,-76.94246089,38.99100402,https://terpfootprints.umd.edu/images/buildings/atlantic_building_224.png
Kim Engineering Building,167905.84,2005,1970,-76.93809687,38.99098607,https://terpfootprints.umd.edu/images/buildings/kim_engineering_building_225.png
Edward St. John Learning And Teaching Center,208509.95,2017,1970,-76.94174299,38.98708312,https://terpfootprints.umd.edu/images/buildings/edward_st_john_learning_and_teaching_center_226.png
Jull Hall,17574,1954,1970,-76.94360377,38.99086053,https://terpfootprints.umd.edu/images/buildings/jull_hall_227.png
Microbiology Building,88285.39,1939,1988,-76.94338562,38.98811416,https://terpfootprints.umd.edu/images/buildings/microbiology_building_231.png
Nyumburu Cultural Center,17891.87,1969,1982,-76.94390865,38.98812481,https://terpfootprints.umd.edu/images/buildings/nyumburu_cultural_center_232.png
Susquehanna Hall,53478.27,1991,1970,-76.94377603,38.98208755,https://terpfootprints.umd.edu/images/buildings/susquehanna_hall_233.png
Geology Building,22761.79,1969,1982,-76.94091065,38.98816089,https://terpfootprints.umd.edu/images/buildings/geology_building_237.png
Leonardtown 238,11448,1972,1970,-76.93302246,38.9828681,https://terpfootprints.umd.edu/images/buildings/leonardtown_238_238.png
Leonardtown 239,14197,1972,1970,-76.93290775,38.98258992,https://terpfootprints.umd.edu/images/buildings/leonardtown_239_239.png
Leonardtown 240,11448,1972,1970,-76.9325512,38.98269804,https://terpfootprints.umd.edu/images/buildings/leonardtown_240_240.png
Leonardtown 241,7099,1972,1970,-76.93228896,38.98256502,https://terpfootprints.umd.edu/images/buildings/leonardtown_241_241.png
Leonardtown 242,11488,1972,1970,-76.93204114,38.98271757,https://terpfootprints.umd.edu/images/buildings/leonardtown_242_242.png
Leonardtown 243,5724,1972,1970,-76.93207517,38.98294103,https://terpfootprints.umd.edu/images/buildings/leonardtown_243_243.png
Leonardtown 244,15654,1982,1970,-76.93377766,38.98481677,https://terpfootprints.umd.edu/images/buildings/leonardtown_244_244.png
Leonardtown 245,15654,1982,1970,-76.9333906,38.98459726,https://terpfootprints.umd.edu/images/buildings/leonardtown_245_245.png
Leonardtown 246,15654,1982,1970,-76.93355035,38.98430921,https://terpfootprints.umd.edu/images/buildings/leonardtown_246_246.png
Leonardtown 247,15654,1982,1970,-76.93310454,38.98424121,https://terpfootprints.umd.edu/images/buildings/leonardtown_247_247.png
Leonardtown 248,15654,1982,1970,-76.93342259,38.98393868,https://terpfootprints.umd.edu/images/buildings/leonardtown_248_248.png
Leonardtown 249,10436,1982,1970,-76.93322987,38.9836844,https://terpfootprints.umd.edu/images/buildings/leonardtown_249_249.png
Leonardtown Community Center,7280,1982,1970,-76.93349748,38.98336142,https://terpfootprints.umd.edu/images/buildings/leonardtown_community_center_250.png
Denton Area Dining Hall,44064.67,1964,2012,-76.94963748,38.99272983,https://terpfootprints.umd.edu/images/buildings/denton_area_dining_hall_251.png
Denton Hall,115108,1964,1970,-76.94997564,38.99224123,https://terpfootprints.umd.edu/images/buildings/denton_hall_252.png
Easton Hall,115533,1965,1970,-76.95024936,38.99300916,https://terpfootprints.umd.edu/images/buildings/easton_hall_253.png
Elkton Hall,114118,1966,1970,-76.94900328,38.99248179,https://terpfootprints.umd.edu/images/buildings/elkton_hall_254.png
School Of Public Health Building,240408.13,1973,2010,-76.94312978,38.99347315,https://terpfootprints.umd.edu/images/buildings/school_of_public_health_building_255.png
Ellicott Hall,118303,1967,1970,-76.94666558,38.99181914,https://terpfootprints.umd.edu/images/buildings/ellicott_hall_256.png
Ellicott Area Dining Hall,48280.12,1967,1999,-76.94660395,38.99246396,https://terpfootprints.umd.edu/images/buildings/ellicott_area_dining_hall_257.png
Hagerstown Hall,119561,1968,1970,-76.94742469,38.99242944,https://terpfootprints.umd.edu/images/buildings/hagerstown_hall_258.png
La Plata Hall,132943,1969,1970,-76.94590888,38.99244574,https://terpfootprints.umd.edu/images/buildings/la_plata_hall_259.png
North Gate (campus Drive & Route 1),122.2,1985,1970,-76.93650269,38.98857534,https://terpfootprints.umd.edu/images/buildings/north_gate_campus_drive_route_1_295.png
Biomolecular Sciences Building,39399.9,1991,1970,-76.93772941,38.99286665,https://terpfootprints.umd.edu/images/buildings/biomolecular_sciences_building_296.png
West Gate (perf Arts And Denton On Stadium Dr/193),78.01,1987,1970,-76.95046071,38.99198027,https://terpfootprints.umd.edu/images/buildings/west_gate_perf_arts_and_denton_on_stadium_dr_193_297.png
Paint Branch Gate (paint Branch Dr And 193),78.01,2001,1970,-76.94215699,38.99961611,https://terpfootprints.umd.edu/images/buildings/paint_branch_gate_paint_branch_dr_and_193_298.png
Gate House,332.5,1941,1970,-76.93574876,38.9886455,https://terpfootprints.umd.edu/images/buildings/gate_house_299.png
Indoor Practice Facility,20963.4,2001,1970,-76.95437565,38.98967883,https://terpfootprints.umd.edu/images/buildings/indoor_practice_facility_309.png
Golf Course Storage Building 1,200,1967,1970,-76.95283711,38.9973264,https://terpfootprints.umd.edu/images/buildings/golf_course_storage_building_1_313.png
Golf Course Repair Shop,2480.56,1960,1970,-76.95316309,38.99730826,https://terpfootprints.umd.edu/images/buildings/golf_course_repair_shop_314.png
Golf Course Toilet Facility,125.39,1963,1970,-76.95324224,38.99750287,https://terpfootprints.umd.edu/images/buildings/golf_course_toilet_facility_318.png
Golf Course Storage Building,979.39,1966,1970,-76.95341111,38.99755893,https://terpfootprints.umd.edu/images/buildings/golf_course_storage_building_319.png
Grounds Operations & Maintenance Bldg.,3157,1988,1970,-76.94292003,38.99553545,https://terpfootprints.umd.edu/images/buildings/grounds_operations_maintenance_bldg_328.png
Chesapeake Building,52555.32,1991,1970,-76.94213441,38.99823293,https://terpfootprints.umd.edu/images/buildings/chesapeake_building_338.png
Environmental Service Facility,7752.08,1985,1970,-76.94373274,38.9965013,https://terpfootprints.umd.edu/images/buildings/environmental_service_facility_344.png
Xfinity Center,484770.05,2002,1970,-76.9412213,38.99548989,https://terpfootprints.umd.edu/images/buildings/xfinity_center_360.png
Tyser Tower,81504.29,1991,2010,-76.94783785,38.98974624,https://terpfootprints.umd.edu/images/buildings/tyser_tower_361.png
Maryland Stadium Concessions 1,5544.94,1991,1970,-76.94720259,38.98937719,https://terpfootprints.umd.edu/images/buildings/maryland_stadium_concessions_1_362.png
Maryland Stadium Concessions 2,2662.75,1991,1970,-76.94764798,38.98941564,https://terpfootprints.umd.edu/images/buildings/maryland_stadium_concessions_2_363.png
Maryland Stadium Concessions 3,2704.91,1991,1970,-76.9482105,38.98973145,https://terpfootprints.umd.edu/images/buildings/maryland_stadium_concessions_3_364.png
Maryland Stadium Concessions 4,11192.77,1995,1970,-76.94860522,38.99041497,https://terpfootprints.umd.edu/images/buildings/maryland_stadium_concessions_4_365.png
Maryland Stadium Ticket Booth,250.54,1995,1970,-76.94845676,38.99096952,https://terpfootprints.umd.edu/images/buildings/maryland_stadium_ticket_booth_366.png
Maryland Stadium Concessions 5,9158.62,1995,1970,-76.94796496,38.99122005,https://terpfootprints.umd.edu/images/buildings/maryland_stadium_concessions_5_367.png
Maryland Stadium Building (upper Deck),111596,1995,1970,-76.94673884,38.99089637,https://terpfootprints.umd.edu/images/buildings/maryland_stadium_building_upper_deck_368.png
Maryland Stadium Maintenance Building,4253.93,1995,1970,-76.94588252,38.99024985,https://terpfootprints.umd.edu/images/buildings/maryland_stadium_maintenance_building_369.png
Maryland Stadium Concessions 6,5283.01,1995,1970,-76.94607706,38.99044767,https://terpfootprints.umd.edu/images/buildings/maryland_stadium_concessions_6_370.png
Gossett Football Team House,63914.02,1992,2002,-76.94638821,38.98975555,https://terpfootprints.umd.edu/images/buildings/gossett_football_team_house_379.png
Center For Young Children,10644.99,1993,1970,-76.94851481,38.99350239,https://terpfootprints.umd.edu/images/buildings/center_for_young_children_381.png
Neutral Buoyancy Research Facility,14329.84,1992,1970,-76.93897156,38.99288566,https://terpfootprints.umd.edu/images/buildings/neutral_buoyancy_research_facility_382.png
Paint Branch Building,38279.51,1993,1970,-76.92918035,38.98195565,https://terpfootprints.umd.edu/images/buildings/paint_branch_building_383.png
Clarice Smith Performing Arts Center,342230.06,2000,1970,-76.950465,38.99063106,https://terpfootprints.umd.edu/images/buildings/clarice_smith_performing_arts_center_386.png
Technology Advancement Program Building,33118.63,1998,1970,-76.93861737,38.99249275,https://terpfootprints.umd.edu/images/buildings/technology_advancement_program_building_387.png
Kehoe Track At Ludwig Field,4365.06,1995,1970,-76.95129614,38.98756765,https://terpfootprints.umd.edu/images/buildings/kehoe_track_at_ludwig_field_388.png
Track & Soccer Field Ticket Booth,128.09,1995,1970,-76.94987751,38.98745836,https://terpfootprints.umd.edu/images/buildings/track_soccer_field_ticket_booth_389.png
Sample Preparation Building (paint Branch),912,2005,1970,-76.94077463,39.00693631,https://terpfootprints.umd.edu/images/buildings/sample_preparation_building_paint_branch_394.png
Turfgrass Research Facility (paint Branch),4500,1999,1970,-76.94118901,39.00698737,https://terpfootprints.umd.edu/images/buildings/turfgrass_research_facility_paint_branch_395.png
Equipment Storage Building (paint Branch),7990.64,1999,1970,-76.94038035,39.0069478,https://terpfootprints.umd.edu/images/buildings/equipment_storage_building_paint_branch_396.png
Agricultural Chemical Storage Building (pt Branch),1500,1999,1970,-76.94078377,39.0070681,https://terpfootprints.umd.edu/images/buildings/agricultural_chemical_storage_building_pt_branch_397.png
Research Greenhouse,66369.52,2003,1970,-76.9429152,38.99723522,https://terpfootprints.umd.edu/images/buildings/research_greenhouse_398.png
Aquatic Center,5426.02,1998,1970,-76.94649853,38.99338592,https://terpfootprints.umd.edu/images/buildings/aquatic_center_399.png
South Gate (regents Dr And Route 1),95.83,1998,1970,-76.93887258,38.98238291,https://terpfootprints.umd.edu/images/buildings/south_gate_regents_dr_and_route_1_401.png
Terrapin Trail Parking Garage,373252.78,2001,1970,-76.94334036,38.99502118,https://terpfootprints.umd.edu/images/buildings/terrapin_trail_parking_garage_403.png
Mowatt Lane Parking Garage,502031.27,2003,1970,-76.94556824,38.98183533,https://terpfootprints.umd.edu/images/buildings/mowatt_lane_parking_garage_404.png
Computer Science Instructional Center,38698.95,2002,1970,-76.9361683,38.98998889,https://terpfootprints.umd.edu/images/buildings/computer_science_instructional_center_406.png
Maryland Softball Stadium,3724.66,2002,1970,-76.93986797,38.99621292,https://terpfootprints.umd.edu/images/buildings/maryland_softball_stadium_409.png
Bioscience Research Building,141019.44,2007,1970,-76.94298285,38.98905848,https://terpfootprints.umd.edu/images/buildings/bioscience_research_building_413.png
Field Hockey And Lacrosse Complex,6195.18,2004,1970,-76.93689759,38.9946983,https://terpfootprints.umd.edu/images/buildings/field_hockey_and_lacrosse_complex_414.png
Physical Sciences Complex,171772.44,2013,1970,-76.94145438,38.99092916,https://terpfootprints.umd.edu/images/buildings/physical_sciences_complex_415.png
Knight Hall,55861.17,2010,1970,-76.94860641,38.98684725,https://terpfootprints.umd.edu/images/buildings/knight_hall_417.png
Oakland Hall,233436.03,2011,1970,-76.94944307,38.9938556,https://terpfootprints.umd.edu/images/buildings/oakland_hall_419.png
Maryland Baseball Annex,740.29,2006,1970,-76.94549093,38.98990606,https://terpfootprints.umd.edu/images/buildings/maryland_baseball_annex_420.png
Cspac Grounds Storage Facility,917.5,2009,1970,-76.9518655,38.99030706,https://terpfootprints.umd.edu/images/buildings/cspac_grounds_storage_facility_422.png
Grounds Storage Facility,240,2009,1970,-76.9463567,38.98442159,https://terpfootprints.umd.edu/images/buildings/grounds_storage_facility_423.png
Shuttle Bus Facility,10946.74,2012,1970,-76.93709373,38.99551349,https://terpfootprints.umd.edu/images/buildings/shuttle_bus_facility_424.png
Prince Frederick Hall,187060.28,2014,1970,-76.9457874,38.98311214,https://terpfootprints.umd.edu/images/buildings/prince_frederick_hall_425.png
Heavy Equipment Building,7136.18,2012,1970,-76.94284904,38.99601738,https://terpfootprints.umd.edu/images/buildings/heavy_equipment_building_426.png
Fleet Services Building,864,2012,1970,-76.92469631,38.97613925,https://terpfootprints.umd.edu/images/buildings/fleet_services_building_427.png
Wye Oak Building,13520.35,2013,1970,-76.94369681,38.99593858,https://terpfootprints.umd.edu/images/buildings/wye_oak_building_428.png
A. James Clark Hall,182439.94,2017,1970,-76.93773478,38.99197835,https://terpfootprints.umd.edu/images/buildings/a_james_clark_hall_429.png
Metzerott House (4103),1965,1953,1970,-76.93826245,38.99956904,https://terpfootprints.umd.edu/images/buildings/metzerott_house_4103_430.png
